{
	"AssemblyVersion": "1002.2.0.0",
	"Disabled": false,
	"Testing": false,
	"InstalledFromUrl": null,
	"IsThirdParty": false,
	"Author": "NightmareXIV",
	"Name": "Splatoon (CN)",
	"Punchline": "\u5982\u679c\u5b89\u88c5\u6709\u95ee\u9898\uff0c\u8bf7\u67e5\u770b\u0020\u0068\u0074\u0074\u0070\u0073\u003a\u002f\u002f\u0067\u0069\u0074\u0068\u0075\u0062\u002e\u0063\u006f\u006d\u002f\u004e\u0069\u0067\u0068\u0074\u006d\u0061\u0072\u0065\u0058\u0049\u0056\u002f\u0053\u0070\u006c\u0061\u0074\u006f\u006f\u006e\u0020\u000a\u5c06\u81ea\u5b9a\u4e49\u6807\u8bc6\u7cfb\u7edf\u6dfb\u52a0\u5230\u6e38\u620f\u4e2d\uff0c\u5141\u8bb8\u5728\u4e16\u754c\u4e2d\u7ed8\u5236\u65e0\u9650\u91cf\u7684\u63d0\u793a\u5e76\u7a81\u51fa\u663e\u793a\u5bf9\u8c61\u3001\u73a9\u5bb6\u548c\u654c\u4eba\u3002",
	"Description": "\u5982\u679c\u5b89\u88c5\u6709\u95ee\u9898\uff0c\u8bf7\u67e5\u770b\u0020\u0068\u0074\u0074\u0070\u0073\u003a\u002f\u002f\u0067\u0069\u0074\u0068\u0075\u0062\u002e\u0063\u006f\u006d\u002f\u004e\u0069\u0067\u0068\u0074\u006d\u0061\u0072\u0065\u0058\u0049\u0056\u002f\u0053\u0070\u006c\u0061\u0074\u006f\u006f\u006e\u0020\u000a\u5c06\u81ea\u5b9a\u4e49\u6807\u8bc6\u7cfb\u7edf\u6dfb\u52a0\u5230\u6e38\u620f\u4e2d\uff0c\u5141\u8bb8\u5728\u4e16\u754c\u4e2d\u7ed8\u5236\u65e0\u9650\u91cf\u7684\u63d0\u793a\u5e76\u7a81\u51fa\u663e\u793a\u5bf9\u8c61\u3001\u73a9\u5bb6\u548c\u654c\u4eba\u3002",
	"Changelog": null,
	"Tags": null,
	"CategoryTags": null,
	"IsHide": false,
	"InternalName": "Splatoon",
	"TestingAssemblyVersion": null,
	"IsTestingExclusive": false,
	"RepoUrl": "https://github.com/NightmareXIV/Splatoon",
	"ApplicableVersion": "any",
	"DalamudApiLevel": 7,
	"DownloadCount": 0,
	"LastUpdate": 0,
	"DownloadLinkInstall": null,
	"DownloadLinkUpdate": null,
	"DownloadLinkTesting": null,
	"LoadPriority": 0,
	"ImageUrls": null,
	"IconUrl": null,
	"AcceptsFeedback": true,
	"FeedbackMessage": null,
	"FeedbackWebhook": null
}
