<?xml version="1.0"?>
<doc>
    <assembly>
        <name>ECommons</name>
    </assembly>
    <members>
        <member name="T:ECommons.ContextMenu.BaseContextMenuArgs">
            <summary>
            The base class for context menu arguments
            </summary>
        </member>
        <member name="P:ECommons.ContextMenu.BaseContextMenuArgs.Addon">
            <summary>
            Pointer to the context menu addon.
            </summary>
        </member>
        <member name="P:ECommons.ContextMenu.BaseContextMenuArgs.Agent">
            <summary>
            Pointer to the context menu agent.
            </summary>
        </member>
        <member name="P:ECommons.ContextMenu.BaseContextMenuArgs.ParentAddonName">
            <summary>
            The name of the addon containing this context menu, if any.
            </summary>
        </member>
        <member name="P:ECommons.ContextMenu.BaseContextMenuArgs.ObjectId">
            <summary>
            The object ID for this context menu. May be invalid (0xE0000000).
            </summary>
        </member>
        <member name="P:ECommons.ContextMenu.BaseContextMenuArgs.ContentIdLower">
            <summary>
            The lower half of the content ID of the object for this context menu. May be zero.
            </summary>
        </member>
        <member name="P:ECommons.ContextMenu.BaseContextMenuArgs.Text">
            <summary>
            The text related to this context menu, usually an object name.
            </summary>
        </member>
        <member name="P:ECommons.ContextMenu.BaseContextMenuArgs.ObjectWorld">
            <summary>
            The world of the object this context menu is for, if any.
            </summary>
        </member>
        <member name="T:ECommons.ContextMenu.BaseContextMenuItem">
            <summary>
            A base context menu item
            </summary>
        </member>
        <member name="P:ECommons.ContextMenu.BaseContextMenuItem.Enabled">
            <summary>
            If this item should be enabled in the menu.
            </summary>
        </member>
        <member name="P:ECommons.ContextMenu.BaseContextMenuItem.IsSubMenu">
            <summary>
            If this item should have the submenu arrow in the menu.
            </summary>
        </member>
        <member name="T:ECommons.ContextMenu.ContextMenu">
            <summary>
            Context menu functions
            </summary>
        </member>
        <member name="F:ECommons.ContextMenu.ContextMenu.ParentAddonIdOffset">
            <summary>
            Offset from addon to menu type
            </summary>
        </member>
        <member name="F:ECommons.ContextMenu.ContextMenu.MenuActionsPointerOffset">
            <summary>
            Offset from agent to actions byte array pointer (have to add the actions offset after)
            </summary>
        </member>
        <member name="F:ECommons.ContextMenu.ContextMenu.BooleanOffsetCheck">
            <summary>
            SetUpContextSubMenu checks this
            </summary>
        </member>
        <member name="F:ECommons.ContextMenu.ContextMenu.MenuActionsOffset">
            <summary>
            Offset from [MenuActionsPointer] to actions byte array
            </summary>
        </member>
        <member name="F:ECommons.ContextMenu.ContextMenu.InventoryMenuActionsOffset">
            <summary>
            Offset from inventory context agent to actions byte array
            </summary>
        </member>
        <member name="T:ECommons.ContextMenu.ContextMenu.ContextMenuOpenEventDelegate">
            <summary>
            The delegate for context menu events.
            </summary>
        </member>
        <member name="E:ECommons.ContextMenu.ContextMenu.OpenContextMenu">
            <summary>
            <para>
            The event that is fired when a context menu is being prepared for opening.
            </para>
            <para>
            Requires the <see cref="!:Hooks.ContextMenu"/> hook to be enabled.
            </para>
            </summary>
        </member>
        <member name="T:ECommons.ContextMenu.ContextMenu.InventoryContextMenuOpenEventDelegate">
            <summary>
            The delegate for inventory context menu events.
            </summary>
        </member>
        <member name="E:ECommons.ContextMenu.ContextMenu.OpenInventoryContextMenu">
            <summary>
            <para>
            The event that is fired when an inventory context menu is being prepared for opening.
            </para>
            <para>
            Requires the <see cref="!:Hooks.ContextMenu"/> hook to be enabled.
            </para>
            </summary>
        </member>
        <member name="T:ECommons.ContextMenu.ContextMenu.ContextMenuItemSelectedDelegate">
            <summary>
            The delegate that is run when a context menu item is selected.
            </summary>
        </member>
        <member name="T:ECommons.ContextMenu.ContextMenu.InventoryContextMenuItemSelectedDelegate">
            <summary>
            The delegate that is run when an inventory context menu item is selected.
            </summary>
        </member>
        <member name="M:ECommons.ContextMenu.ContextMenu.Dispose">
            <inheritdoc />
        </member>
        <member name="M:ECommons.ContextMenu.ContextMenu.PopulateItems(System.IntPtr,System.IntPtr,ECommons.ContextMenu.ContextMenu.ContextMenuOpenEventDelegate,ECommons.ContextMenu.ContextMenu.InventoryContextMenuOpenEventDelegate,System.Collections.Generic.IReadOnlyCollection{ECommons.ContextMenu.NativeContextMenuItem})">
            <returns>true on error</returns>
        </member>
        <member name="M:ECommons.ContextMenu.ContextMenu.SubMenuInner(System.IntPtr)">
            <returns>false if original should be called</returns>
        </member>
        <member name="T:ECommons.ContextMenu.ContextMenuItemSelectedArgs">
            <summary>
            Arguments for the context menu item selected delegate.
            </summary>
        </member>
        <member name="T:ECommons.ContextMenu.ContextMenuOpenArgs">
            <summary>
            Arguments for the context menu event.
            </summary>
        </member>
        <member name="P:ECommons.ContextMenu.ContextMenuOpenArgs.Items">
            <summary>
            Context menu items in this menu.
            </summary>
        </member>
        <member name="T:ECommons.ContextMenu.CustomContextMenuItem`1">
            <summary>
            A custom context menu item
            </summary>
        </member>
        <member name="P:ECommons.ContextMenu.CustomContextMenuItem`1.NameEnglish">
            <summary>
            The name of the context item to be shown for English clients.
            </summary>
        </member>
        <member name="P:ECommons.ContextMenu.CustomContextMenuItem`1.NameJapanese">
            <summary>
            The name of the context item to be shown for Japanese clients.
            </summary>
        </member>
        <member name="P:ECommons.ContextMenu.CustomContextMenuItem`1.NameFrench">
            <summary>
            The name of the context item to be shown for French clients.
            </summary>
        </member>
        <member name="P:ECommons.ContextMenu.CustomContextMenuItem`1.NameGerman">
            <summary>
            The name of the context item to be shown for German clients.
            </summary>
        </member>
        <member name="P:ECommons.ContextMenu.CustomContextMenuItem`1.Action">
            <summary>
            The action to perform when this item is clicked.
            </summary>
        </member>
        <member name="M:ECommons.ContextMenu.CustomContextMenuItem`1.#ctor(Dalamud.Game.Text.SeStringHandling.SeString,`0)">
            <summary>
            Create a new context menu item.
            </summary>
            <param name="name">the English name of the item, copied to other languages</param>
            <param name="action">the action to perform on click</param>
        </member>
        <member name="T:ECommons.ContextMenu.Inventory.InventoryContextMenuItem">
            <summary>
            A custom context menu item for inventory items.
            </summary>
        </member>
        <member name="M:ECommons.ContextMenu.Inventory.InventoryContextMenuItem.#ctor(Dalamud.Game.Text.SeStringHandling.SeString,ECommons.ContextMenu.ContextMenu.InventoryContextMenuItemSelectedDelegate)">
            <summary>
            Create a new context menu item for inventory items.
            </summary>
            <param name="name">the English name of the item, copied to other languages</param>
            <param name="action">the action to perform on click</param>
        </member>
        <member name="T:ECommons.ContextMenu.Inventory.InventoryContextMenuItemSelectedArgs">
            <summary>
            The arguments for when an inventory context menu item is selected
            </summary>
        </member>
        <member name="T:ECommons.ContextMenu.Inventory.InventoryContextMenuOpenArgs">
            <summary>
            The arguments for when an inventory context menu is opened
            </summary>
        </member>
        <member name="P:ECommons.ContextMenu.Inventory.InventoryContextMenuOpenArgs.Items">
            <summary>
            Context menu items in this menu.
            </summary>
        </member>
        <member name="T:ECommons.ContextMenu.Inventory.InventoryContextSubMenuItem">
            <summary>
            A custom inventory context menu item that will open a submenu
            </summary>
        </member>
        <member name="M:ECommons.ContextMenu.Inventory.InventoryContextSubMenuItem.#ctor(Dalamud.Game.Text.SeStringHandling.SeString,ECommons.ContextMenu.ContextMenu.InventoryContextMenuOpenEventDelegate)">
            <summary>
            Create a new context menu item for inventory items that will open a submenu.
            </summary>
            <param name="name">the English name of the item, copied to other languages</param>
            <param name="action">the action to perform on click</param>
        </member>
        <member name="T:ECommons.ContextMenu.Inventory.BaseInventoryContextMenuArgs">
            <summary>
            The base class for inventory context menu arguments
            </summary>
        </member>
        <member name="P:ECommons.ContextMenu.Inventory.BaseInventoryContextMenuArgs.Addon">
            <summary>
            Pointer to the context menu addon.
            </summary>
        </member>
        <member name="P:ECommons.ContextMenu.Inventory.BaseInventoryContextMenuArgs.Agent">
            <summary>
            Pointer to the context menu agent.
            </summary>
        </member>
        <member name="P:ECommons.ContextMenu.Inventory.BaseInventoryContextMenuArgs.ParentAddonName">
            <summary>
            The name of the addon containing this context menu, if any.
            </summary>
        </member>
        <member name="P:ECommons.ContextMenu.Inventory.BaseInventoryContextMenuArgs.ItemId">
            <summary>
            The ID of the item this context menu is for.
            </summary>
        </member>
        <member name="P:ECommons.ContextMenu.Inventory.BaseInventoryContextMenuArgs.ItemAmount">
            <summary>
            The amount of the item this context menu is for.
            </summary>
        </member>
        <member name="P:ECommons.ContextMenu.Inventory.BaseInventoryContextMenuArgs.ItemHq">
            <summary>
            If the item this context menu is for is high-quality.
            </summary>
        </member>
        <member name="T:ECommons.ContextMenu.NativeContextMenuItem">
            <summary>
            A native context menu item
            </summary>
        </member>
        <member name="P:ECommons.ContextMenu.NativeContextMenuItem.InternalAction">
            <summary>
            The action code to be used in the context menu agent for this item.
            </summary>
        </member>
        <member name="P:ECommons.ContextMenu.NativeContextMenuItem.Name">
            <summary>
            The name of the context item.
            </summary>
        </member>
        <member name="T:ECommons.ContextMenu.NormalContextMenuItem">
            <summary>
            A custom normal context menu item
            </summary>
        </member>
        <member name="M:ECommons.ContextMenu.NormalContextMenuItem.#ctor(Dalamud.Game.Text.SeStringHandling.SeString,ECommons.ContextMenu.ContextMenu.ContextMenuItemSelectedDelegate)">
            <summary>
            Create a new custom context menu item.
            </summary>
            <param name="name">the English name of the item, copied to other languages</param>
            <param name="action">the action to perform on click</param>
        </member>
        <member name="T:ECommons.ContextMenu.NormalContextSubMenuItem">
            <summary>
            A custom context menu item that will open a submenu
            </summary>
        </member>
        <member name="M:ECommons.ContextMenu.NormalContextSubMenuItem.#ctor(Dalamud.Game.Text.SeStringHandling.SeString,ECommons.ContextMenu.ContextMenu.ContextMenuOpenEventDelegate)">
            <summary>
            Create a new custom context menu item that will open a submenu.
            </summary>
            <param name="name">the English name of the item, copied to other languages</param>
            <param name="action">the action to perform on click</param>
        </member>
        <member name="M:ECommons.Interop.WindowFunctions.ApplicationIsActivated">
            <summary>Returns true if the current application has focus, false otherwise</summary>
        </member>
    </members>
</doc>
