{
	"AssemblyVersion": "1.0.7.1",
	"Disabled": false,
	"Testing": false,
	"InstalledFromUrl": null,
	"IsThirdParty": false,
	"Author": "Eternita",
	"Name": "Splatoon",
	"Punchline": null,
	"Description": "Adds custom waymark system into the game, allowing drawing infinite amount of waymarks in world and highlighting objects, players and enemies",
	"Changelog": null,
	"Tags": null,
	"CategoryTags": null,
	"IsHide": false,
	"InternalName": "Splatoon",
	"TestingAssemblyVersion": null,
	"IsTestingExclusive": false,
	"RepoUrl": "https://github.com/Eternita-S/Splatoon",
	"ApplicableVersion": "any",
	"DalamudApiLevel": 6,
	"DownloadCount": 0,
	"LastUpdate": 0,
	"DownloadLinkInstall": null,
	"DownloadLinkUpdate": null,
	"DownloadLinkTesting": null,
	"LoadPriority": 0,
	"ImageUrls": null,
	"IconUrl": null,
	"AcceptsFeedback": true,
	"FeedbackMessage": null,
	"FeedbackWebhook": null
}
