<?xml version="1.0"?>
<doc>
    <assembly>
        <name>Splatoon</name>
    </assembly>
    <members>
        <member name="F:Splatoon.Element.type">
            <summary>
            0: Object at fixed coordinates |
            1: Object relative to actor position | 
            2: Line between two fixed coordinates | 
            3: Line relative to object pos | 
            4: Rectangle at fixed coordinates
            </summary>
        </member>
        <member name="F:Splatoon.Element.refActorComparisonType">
            <summary>
            0: Name |
            1: Model ID |
            2: Object ID |
            3: Data ID
            </summary>
        </member>
        <member name="F:Splatoon.Element.refActorType">
            <summary>
            0: Game object with specific name |
            1: Self |
            2: Targeted enemy
            </summary>
        </member>
        <member name="F:Splatoon.Layout.DCond">
            <summary>
            0: Always shown |
            1: Only in combat |
            2: Only in instance |
            3: Only in combat AND instance |
            4: Only in combat OR instance |
            5: Never
            </summary>
        </member>
        <member name="F:Splatoon.Layout.TriggerCondition">
            <summary>
            0: Unchanged |
            -1: Hidden |
            1: Shown
            </summary>
        </member>
        <member name="F:Splatoon.Layout.DistanceLimitType">
            <summary>
            0: To target | 1: To object
            </summary>
        </member>
        <member name="P:Splatoon.IMemoryManager.ErrorCode">
            <summary>
            Must return 0 if memory manager initialized successfully and non-0 if not
            </summary>
        </member>
        <member name="M:Splatoon.Static.PerpOffset(System.Numerics.Vector2,System.Numerics.Vector2,System.Single,System.Single,System.Numerics.Vector2@,System.Numerics.Vector2@)">
            <summary>
            Create a perpendicular offset point at a position located along a line segment.
            </summary>
            <param name="a">Input. PointD(x,y) of p1.</param>
            <param name="b">Input. PointD(x,y) of p2.</param>
            <param name="position">Distance between p1(0.0) and p2 (1.0) in a percentage.</param>
            <param name="offset">Distance from position at 90degrees to p1 and p2- non-percetange based.</param>
            <param name="c">Output of the calculated point along p1 and p2. might not be necessary for the ultimate output.</param>
            <param name="d">Output of the calculated offset point.</param>
        </member>
        <member name="F:Splatoon.Trigger.Type">
            <summary>
            0: Show at time |
            1: Hide at time |
            2: Show at text |
            3: Hide at text
            </summary>
        </member>
        <member name="F:Splatoon.Trigger.FiredState">
            <summary>
            0: not fired |
            1: fired but not ended |
            2: fired and ended
            </summary>
        </member>
    </members>
</doc>
