<?xml version="1.0"?>
<doc>
    <assembly>
        <name>ClickLib</name>
    </assembly>
    <members>
        <member name="T:ClickLib.ReceiveEventDelegate">
            <summary>
            AtkUnitBase receive event delegate.
            </summary>
            <param name="eventListener">Type receiving the event.</param>
            <param name="evt">Event type.</param>
            <param name="which">Internal routing number.</param>
            <param name="eventData">Event data.</param>
            <param name="inputData">Keyboard and mouse data.</param>
            <returns>The addon address.</returns>
        </member>
        <member name="T:ClickLib.ClickAddonBase`1">
            <summary>
            Click base class.
            </summary>
            <typeparam name="TStruct">FFXIVClientStructs addon type.</typeparam>
        </member>
        <member name="M:ClickLib.ClickAddonBase`1.#ctor(System.IntPtr)">
            <summary>
            Initializes a new instance of the <see cref="T:ClickLib.ClickAddonBase`1"/> class.
            </summary>
            <param name="addon">Addon address.</param>
        </member>
        <member name="P:ClickLib.ClickAddonBase`1.AddonName">
            <summary>
            Gets the associated addon name.
            </summary>
        </member>
        <member name="P:ClickLib.ClickAddonBase`1.AddonAddress">
            <summary>
            Gets a pointer to the addon.
            </summary>
        </member>
        <member name="P:ClickLib.ClickAddonBase`1.Addon">
            <summary>
            Gets a pointer to the type.
            </summary>
        </member>
        <member name="M:ClickLib.ClickAddonBase`1.ClickAddonButton(FFXIVClientStructs.FFXIV.Component.GUI.AtkUnitBase*,FFXIVClientStructs.FFXIV.Component.GUI.AtkComponentButton*,System.UInt32,ClickLib.EventType)">
            <summary>
            Send a click.
            </summary>
            <param name="addonBase">The click recipient.</param>
            <param name="target">Target node.</param>
            <param name="which">Internal game click routing.</param>
            <param name="type">Event type.</param>
        </member>
        <member name="M:ClickLib.ClickAddonBase`1.ClickAddonRadioButton(FFXIVClientStructs.FFXIV.Component.GUI.AtkUnitBase*,FFXIVClientStructs.FFXIV.Component.GUI.AtkComponentRadioButton*,System.UInt32,ClickLib.EventType)">
            <summary>
            Send a click.
            </summary>
            <param name="addonBase">The click recipient.</param>
            <param name="target">Target node.</param>
            <param name="which">Internal game click routing.</param>
            <param name="type">Event type.</param>
        </member>
        <member name="M:ClickLib.ClickAddonBase`1.ClickAddonCheckBox(FFXIVClientStructs.FFXIV.Component.GUI.AtkUnitBase*,FFXIVClientStructs.FFXIV.Component.GUI.AtkComponentCheckBox*,System.UInt32,ClickLib.EventType)">
            <summary>
            Send a click.
            </summary>
            <param name="addonBase">The click recipient.</param>
            <param name="target">Target node.</param>
            <param name="which">Internal game click routing.</param>
            <param name="type">Event type.</param>
        </member>
        <member name="M:ClickLib.ClickAddonBase`1.ClickAddonDragDrop(FFXIVClientStructs.FFXIV.Component.GUI.AtkUnitBase*,FFXIVClientStructs.FFXIV.Component.GUI.AtkComponentDragDrop*,System.UInt32,ClickLib.EventType)">
            <summary>
            Send a click.
            </summary>
            <param name="addonBase">The click recipient.</param>
            <param name="target">Target node.</param>
            <param name="which">Internal game click routing.</param>
            <param name="type">Event type.</param>
        </member>
        <member name="M:ClickLib.ClickAddonBase`1.ClickAddonStage(FFXIVClientStructs.FFXIV.Component.GUI.AtkUnitBase*,FFXIVClientStructs.FFXIV.Component.GUI.AtkStage*,System.UInt32,ClickLib.EventType)">
            <summary>
            Send a click.
            </summary>
            <param name="addonBase">The click recipient.</param>
            <param name="target">Target node.</param>
            <param name="which">Internal game click routing.</param>
            <param name="type">Event type.</param>
        </member>
        <member name="M:ClickLib.ClickAddonBase`1.ClickAddonComponent(FFXIVClientStructs.FFXIV.Component.GUI.AtkUnitBase*,FFXIVClientStructs.FFXIV.Component.GUI.AtkComponentNode*,System.UInt32,ClickLib.EventType,ClickLib.ClickBase.EventData,ClickLib.ClickBase.InputData)">
            <summary>
            Send a click.
            </summary>
            <param name="addonBase">The click recipient.</param>
            <param name="target">Target node.</param>
            <param name="which">Internal game click routing.</param>
            <param name="type">Event type.</param>
            <param name="eventData">Event data.</param>
            <param name="inputData">Input data.</param>
        </member>
        <member name="M:ClickLib.ClickAddonBase`1.ClickAddonList(FFXIVClientStructs.FFXIV.Client.UI.PopupMenu*,System.UInt16,ClickLib.EventType)">
            <summary>
            Send a click.
            </summary>
            <param name="popupMenu">PopupMenu event listener.</param>
            <param name="index">List index.</param>
            <param name="type">Event type.</param>
        </member>
        <member name="T:ClickLib.ClickBase">
            <summary>
            Searchable click base class.
            </summary>
        </member>
        <member name="T:ClickLib.ClickBase.ReceiveEventDelegate">
            <summary>
            AtkEventListener receive event delegate.
            </summary>
            <param name="eventListener">Type receiving the event.</param>
            <param name="evt">Event type.</param>
            <param name="which">Internal routing number.</param>
            <param name="eventData">Event data.</param>
            <param name="inputData">Keyboard and mouse data.</param>
            <returns>The event listener address.</returns>
        </member>
        <member name="M:ClickLib.ClickBase.InvokeReceiveEvent(FFXIVClientStructs.FFXIV.Component.GUI.AtkEventListener*,ClickLib.EventType,System.UInt32,ClickLib.ClickBase.EventData,ClickLib.ClickBase.InputData)">
            <summary>
            Invoke the receive event delegate.
            </summary>
            <param name="eventListener">Type receiving the event.</param>
            <param name="type">Event type.</param>
            <param name="which">Internal routing number.</param>
            <param name="eventData">Event data.</param>
            <param name="inputData">Keyboard and mouse data.</param>
        </member>
        <member name="M:ClickLib.ClickBase.InvokeReceiveEvent(FFXIVClientStructs.FFXIV.Component.GUI.AtkComponentBase*,ClickLib.EventType,System.UInt32,ClickLib.ClickBase.EventData,ClickLib.ClickBase.InputData)">
            <inheritdoc cref="M:ClickLib.ClickBase.InvokeReceiveEvent(FFXIVClientStructs.FFXIV.Component.GUI.AtkEventListener*,ClickLib.EventType,System.UInt32,ClickLib.ClickBase.EventData,ClickLib.ClickBase.InputData)"/>
        </member>
        <member name="T:ClickLib.ClickBase.EventData">
            <summary>
            Event data.
            </summary>
        </member>
        <member name="M:ClickLib.ClickBase.EventData.#ctor">
            <summary>
            Initializes a new instance of the <see cref="T:ClickLib.ClickBase.EventData"/> class.
            </summary>
        </member>
        <member name="P:ClickLib.ClickBase.EventData.Data">
            <summary>
            Gets the data pointer.
            </summary>
        </member>
        <member name="M:ClickLib.ClickBase.EventData.ForNormalTarget(System.Void*,System.Void*)">
            <summary>
            Initializes a new instance of the <see cref="T:ClickLib.ClickBase.EventData"/> class.
            </summary>
            <param name="target">Target.</param>
            <param name="listener">Event listener.</param>
            <returns>Event data.</returns>
        </member>
        <member name="T:ClickLib.ClickBase.InputData">
            <summary>
            Input data.
            </summary>
        </member>
        <member name="M:ClickLib.ClickBase.InputData.#ctor">
            <summary>
            Initializes a new instance of the <see cref="T:ClickLib.ClickBase.InputData"/> class.
            </summary>
        </member>
        <member name="P:ClickLib.ClickBase.InputData.Data">
            <summary>
            Gets the data pointer.
            </summary>
        </member>
        <member name="M:ClickLib.ClickBase.InputData.Empty">
            <summary>
            Initializes a new instance of the <see cref="T:ClickLib.ClickBase.InputData"/> class.
            </summary>
            <returns>Input data.</returns>
        </member>
        <member name="M:ClickLib.ClickBase.InputData.ForPopupMenu(FFXIVClientStructs.FFXIV.Client.UI.PopupMenu*,System.UInt16)">
            <summary>
            Initializes a new instance of the <see cref="T:ClickLib.ClickBase.InputData"/> class.
            </summary>
            <param name="popupMenu">List popup menu.</param>
            <param name="index">Selected index.</param>
            <returns>Input data.</returns>
        </member>
        <member name="T:ClickLib.Click">
            <summary>
            Main class for clicking by name.
            </summary>
        </member>
        <member name="M:ClickLib.Click.Initialize">
            <summary>
            Load the mapping of click names.
            </summary>
        </member>
        <member name="M:ClickLib.Click.SendClick(System.String,System.IntPtr)">
            <summary>
            Send a click by the name of the individual click.
            </summary>
            <param name="name">Click name.</param>
            <param name="addon">Pointer to an existing addon.</param>
        </member>
        <member name="M:ClickLib.Click.TrySendClick(System.String,System.IntPtr)">
            <summary>
            Send a click by the name of the individual click.
            </summary>
            <param name="name">Click name.</param>
            <param name="addon">Pointer to an existing addon.</param>
            <returns>A value indicating whether the delegate was successfully called.</returns>
        </member>
        <member name="T:ClickLib.ClickNameAttribute">
            <summary>
            The callable name of a click.
            </summary>
        </member>
        <member name="M:ClickLib.ClickNameAttribute.#ctor(System.String)">
            <summary>
            Initializes a new instance of the <see cref="T:ClickLib.ClickNameAttribute"/> class.
            </summary>
            <param name="name">Name of the click.</param>
        </member>
        <member name="P:ClickLib.ClickNameAttribute.Name">
            <summary>
            Gets the name of the click.
            </summary>
        </member>
        <member name="T:ClickLib.ClickNotFoundError">
            <summary>
            An exception thrown when a click cannot be found.
            </summary>
        </member>
        <member name="M:ClickLib.ClickNotFoundError.#ctor(System.String)">
            <summary>
            Initializes a new instance of the <see cref="T:ClickLib.ClickNotFoundError"/> class.
            </summary>
            <param name="message">Error message.</param>
        </member>
        <member name="T:ClickLib.Clicks.ClickContentsFinderConfirm">
            <summary>
            Addon ContentsFinderConfirm.
            </summary>
        </member>
        <member name="M:ClickLib.Clicks.ClickContentsFinderConfirm.#ctor(System.IntPtr)">
            <summary>
            Initializes a new instance of the <see cref="T:ClickLib.Clicks.ClickContentsFinderConfirm"/> class.
            </summary>
            <param name="addon">Addon pointer.</param>
        </member>
        <member name="P:ClickLib.Clicks.ClickContentsFinderConfirm.AddonName">
            <inheritdoc/>
        </member>
        <member name="M:ClickLib.Clicks.ClickContentsFinderConfirm.Using(System.IntPtr)">
            <summary>
            Instantiate this click using the given addon.
            </summary>
            <param name="addon">Addon to reference.</param>
            <returns>A click instance.</returns>
        </member>
        <member name="M:ClickLib.Clicks.ClickContentsFinderConfirm.Commence">
            <summary>
            Click the collect button.
            </summary>
        </member>
        <member name="T:ClickLib.Clicks.ClickContextIconMenu">
            <summary>
            Addon ContextIconMenu.
            </summary>
        </member>
        <member name="M:ClickLib.Clicks.ClickContextIconMenu.#ctor(System.IntPtr)">
            <summary>
            Initializes a new instance of the <see cref="T:ClickLib.Clicks.ClickContextIconMenu"/> class.
            </summary>
            <param name="addon">Addon pointer.</param>
        </member>
        <member name="P:ClickLib.Clicks.ClickContextIconMenu.AddonName">
            <inheritdoc/>
        </member>
        <member name="M:ClickLib.Clicks.ClickContextIconMenu.Using(System.IntPtr)">
            <summary>
            Instantiate this click using the given addon.
            </summary>
            <param name="addon">Addon to reference.</param>
            <returns>A click instance.</returns>
        </member>
        <member name="T:ClickLib.Clicks.ClickGatheringMasterpiece">
            <summary>
            Addon GatheringMasterpiece.
            </summary>
        </member>
        <member name="M:ClickLib.Clicks.ClickGatheringMasterpiece.#ctor(System.IntPtr)">
            <summary>
            Initializes a new instance of the <see cref="T:ClickLib.Clicks.ClickGatheringMasterpiece"/> class.
            </summary>
            <param name="addon">Addon pointer.</param>
        </member>
        <member name="P:ClickLib.Clicks.ClickGatheringMasterpiece.AddonName">
            <inheritdoc/>
        </member>
        <member name="M:ClickLib.Clicks.ClickGatheringMasterpiece.Using(System.IntPtr)">
            <summary>
            Instantiate this click using the given addon.
            </summary>
            <param name="addon">Addon to reference.</param>
            <returns>A click instance.</returns>
        </member>
        <member name="M:ClickLib.Clicks.ClickGatheringMasterpiece.Collect">
            <summary>
            Click the collect button.
            </summary>
        </member>
        <member name="T:ClickLib.Clicks.ClickGrandCompanySupplyReward">
            <summary>
            Addon GrandCompanySupplyReward.
            </summary>
        </member>
        <member name="M:ClickLib.Clicks.ClickGrandCompanySupplyReward.#ctor(System.IntPtr)">
            <summary>
            Initializes a new instance of the <see cref="T:ClickLib.Clicks.ClickGrandCompanySupplyReward"/> class.
            </summary>
            <param name="addon">Addon pointer.</param>
        </member>
        <member name="P:ClickLib.Clicks.ClickGrandCompanySupplyReward.AddonName">
            <inheritdoc/>
        </member>
        <member name="M:ClickLib.Clicks.ClickGrandCompanySupplyReward.Using(System.IntPtr)">
            <summary>
            Instantiate this click using the given addon.
            </summary>
            <param name="addon">Addon to reference.</param>
            <returns>A click instance.</returns>
        </member>
        <member name="M:ClickLib.Clicks.ClickGrandCompanySupplyReward.Deliver">
            <summary>
            Click the deliver button.
            </summary>
        </member>
        <member name="M:ClickLib.Clicks.ClickGrandCompanySupplyReward.Cancel">
            <summary>
            Click the cancel button.
            </summary>
        </member>
        <member name="T:ClickLib.Clicks.ClickGuildLeve">
            <summary>
            Addon GuildLeve.
            </summary>
        </member>
        <member name="M:ClickLib.Clicks.ClickGuildLeve.#ctor(System.IntPtr)">
            <summary>
            Initializes a new instance of the <see cref="T:ClickLib.Clicks.ClickGuildLeve"/> class.
            </summary>
            <param name="addon">Addon pointer.</param>
        </member>
        <member name="P:ClickLib.Clicks.ClickGuildLeve.AddonName">
            <inheritdoc/>
        </member>
        <member name="M:ClickLib.Clicks.ClickGuildLeve.Using(System.IntPtr)">
            <summary>
            Instantiate this click using the given addon.
            </summary>
            <param name="addon">Addon to reference.</param>
            <returns>A click instance.</returns>
        </member>
        <member name="M:ClickLib.Clicks.ClickGuildLeve.Fieldcraft">
            <summary>
            Click the fieldcraft button.
            </summary>
        </member>
        <member name="M:ClickLib.Clicks.ClickGuildLeve.Tradecraft">
            <summary>
            Click the tradecraft button.
            </summary>
        </member>
        <member name="M:ClickLib.Clicks.ClickGuildLeve.Carpenter">
            <summary>
            Click the carpenter button.
            </summary>
        </member>
        <member name="M:ClickLib.Clicks.ClickGuildLeve.Blacksmith">
            <summary>
            Click the blacksmith button.
            </summary>
        </member>
        <member name="M:ClickLib.Clicks.ClickGuildLeve.Armorer">
            <summary>
            Click the armorer button.
            </summary>
        </member>
        <member name="M:ClickLib.Clicks.ClickGuildLeve.Goldsmith">
            <summary>
            Click the goldsmith button.
            </summary>
        </member>
        <member name="M:ClickLib.Clicks.ClickGuildLeve.Leatherworker">
            <summary>
            Click the leatherworker button.
            </summary>
        </member>
        <member name="M:ClickLib.Clicks.ClickGuildLeve.Weaver">
            <summary>
            Click the weaver button.
            </summary>
        </member>
        <member name="M:ClickLib.Clicks.ClickGuildLeve.Alchemist">
            <summary>
            Click the alchemist button.
            </summary>
        </member>
        <member name="M:ClickLib.Clicks.ClickGuildLeve.Culinarian">
            <summary>
            Click the culinarian button.
            </summary>
        </member>
        <member name="M:ClickLib.Clicks.ClickGuildLeve.Miner">
            <summary>
            Click the miner button.
            </summary>
        </member>
        <member name="M:ClickLib.Clicks.ClickGuildLeve.Botanist">
            <summary>
            Click the botanist button.
            </summary>
        </member>
        <member name="M:ClickLib.Clicks.ClickGuildLeve.Fisher">
            <summary>
            Click the fisher button.
            </summary>
        </member>
        <member name="T:ClickLib.Clicks.ClickItemInspectionResult">
            <summary>
            Addon ItemInspectionResult.
            </summary>
        </member>
        <member name="M:ClickLib.Clicks.ClickItemInspectionResult.#ctor(System.IntPtr)">
            <summary>
            Initializes a new instance of the <see cref="T:ClickLib.Clicks.ClickItemInspectionResult"/> class.
            </summary>
            <param name="addon">Addon pointer.</param>
        </member>
        <member name="P:ClickLib.Clicks.ClickItemInspectionResult.AddonName">
            <inheritdoc/>
        </member>
        <member name="M:ClickLib.Clicks.ClickItemInspectionResult.Using(System.IntPtr)">
            <summary>
            Instantiate this click using the given addon.
            </summary>
            <param name="addon">Addon to reference.</param>
            <returns>A click instance.</returns>
        </member>
        <member name="M:ClickLib.Clicks.ClickItemInspectionResult.Next">
            <summary>
            Click the next button.
            </summary>
        </member>
        <member name="M:ClickLib.Clicks.ClickItemInspectionResult.Close">
            <summary>
            Click the close button.
            </summary>
        </member>
        <member name="T:ClickLib.Clicks.ClickJournalDetail">
            <summary>
            Addon JournalDetail.
            </summary>
        </member>
        <member name="M:ClickLib.Clicks.ClickJournalDetail.#ctor(System.IntPtr)">
            <summary>
            Initializes a new instance of the <see cref="T:ClickLib.Clicks.ClickJournalDetail"/> class.
            </summary>
            <param name="addon">Addon pointer.</param>
        </member>
        <member name="P:ClickLib.Clicks.ClickJournalDetail.AddonName">
            <inheritdoc/>
        </member>
        <member name="M:ClickLib.Clicks.ClickJournalDetail.Using(System.IntPtr)">
            <summary>
            Instantiate this click using the given addon.
            </summary>
            <param name="addon">Addon to reference.</param>
            <returns>A click instance.</returns>
        </member>
        <member name="M:ClickLib.Clicks.ClickJournalDetail.Accept">
            <summary>
            Click the accept button.
            </summary>
        </member>
        <member name="M:ClickLib.Clicks.ClickJournalDetail.Decline">
            <summary>
            Click the decline button.
            </summary>
        </member>
        <member name="T:ClickLib.Clicks.ClickJournalResult">
            <summary>
            Addon JournalResult.
            </summary>
        </member>
        <member name="M:ClickLib.Clicks.ClickJournalResult.#ctor(System.IntPtr)">
            <summary>
            Initializes a new instance of the <see cref="T:ClickLib.Clicks.ClickJournalResult"/> class.
            </summary>
            <param name="addon">Addon pointer.</param>
        </member>
        <member name="P:ClickLib.Clicks.ClickJournalResult.AddonName">
            <inheritdoc/>
        </member>
        <member name="M:ClickLib.Clicks.ClickJournalResult.Using(System.IntPtr)">
            <summary>
            Instantiate this click using the given addon.
            </summary>
            <param name="addon">Addon to reference.</param>
            <returns>A click instance.</returns>
        </member>
        <member name="M:ClickLib.Clicks.ClickJournalResult.Complete">
            <summary>
            Click the complete button.
            </summary>
        </member>
        <member name="M:ClickLib.Clicks.ClickJournalResult.Decline">
            <summary>
            Click the decline button.
            </summary>
        </member>
        <member name="T:ClickLib.Clicks.ClickMaterializeDialog">
            <summary>
            Addon MaterializeDialog.
            </summary>
        </member>
        <member name="M:ClickLib.Clicks.ClickMaterializeDialog.#ctor(System.IntPtr)">
            <summary>
            Initializes a new instance of the <see cref="T:ClickLib.Clicks.ClickMaterializeDialog"/> class.
            </summary>
            <param name="addon">Addon pointer.</param>
        </member>
        <member name="P:ClickLib.Clicks.ClickMaterializeDialog.AddonName">
            <inheritdoc/>
        </member>
        <member name="M:ClickLib.Clicks.ClickMaterializeDialog.Using(System.IntPtr)">
            <summary>
            Instantiate this click using the given addon.
            </summary>
            <param name="addon">Addon to reference.</param>
            <returns>A click instance.</returns>
        </member>
        <member name="M:ClickLib.Clicks.ClickMaterializeDialog.Materialize">
            <summary>
            Click the deliver button.
            </summary>
        </member>
        <member name="T:ClickLib.Clicks.ClickMateriaRetrieveDialog">
            <summary>
            Addon MateriaRetrieveDialog.
            </summary>
        </member>
        <member name="M:ClickLib.Clicks.ClickMateriaRetrieveDialog.#ctor(System.IntPtr)">
            <summary>
            Initializes a new instance of the <see cref="T:ClickLib.Clicks.ClickMateriaRetrieveDialog"/> class.
            </summary>
            <param name="addon">Addon pointer.</param>
        </member>
        <member name="P:ClickLib.Clicks.ClickMateriaRetrieveDialog.AddonName">
            <inheritdoc/>
        </member>
        <member name="M:ClickLib.Clicks.ClickMateriaRetrieveDialog.Using(System.IntPtr)">
            <summary>
            Instantiate this click using the given addon.
            </summary>
            <param name="addon">Addon to reference.</param>
            <returns>A click instance.</returns>
        </member>
        <member name="M:ClickLib.Clicks.ClickMateriaRetrieveDialog.Begin">
            <summary>
            Click the begin button.
            </summary>
        </member>
        <member name="M:ClickLib.Clicks.ClickMateriaRetrieveDialog.Return">
            <summary>
            Click the return button.
            </summary>
        </member>
        <member name="T:ClickLib.Clicks.ClickRecipeNote">
            <summary>
            Addon RecipeNote.
            </summary>
        </member>
        <member name="M:ClickLib.Clicks.ClickRecipeNote.#ctor(System.IntPtr)">
            <summary>
            Initializes a new instance of the <see cref="T:ClickLib.Clicks.ClickRecipeNote"/> class.
            </summary>
            <param name="addon">Addon pointer.</param>
        </member>
        <member name="P:ClickLib.Clicks.ClickRecipeNote.AddonName">
            <inheritdoc/>
        </member>
        <member name="M:ClickLib.Clicks.ClickRecipeNote.Using(System.IntPtr)">
            <summary>
            Instantiate this click using the given addon.
            </summary>
            <param name="addon">Addon to reference.</param>
            <returns>A click instance.</returns>
        </member>
        <member name="M:ClickLib.Clicks.ClickRecipeNote.Synthesize">
            <summary>
            Click the synthesize button.
            </summary>
        </member>
        <member name="M:ClickLib.Clicks.ClickRecipeNote.TrialSynthesis">
            <summary>
            Click the trial synthesis button.
            </summary>
        </member>
        <member name="T:ClickLib.Clicks.ClickRequest">
            <summary>
            Addon Request.
            </summary>
        </member>
        <member name="M:ClickLib.Clicks.ClickRequest.#ctor(System.IntPtr)">
            <summary>
            Initializes a new instance of the <see cref="T:ClickLib.Clicks.ClickRequest"/> class.
            </summary>
            <param name="addon">Addon pointer.</param>
        </member>
        <member name="P:ClickLib.Clicks.ClickRequest.AddonName">
            <inheritdoc/>
        </member>
        <member name="M:ClickLib.Clicks.ClickRequest.Using(System.IntPtr)">
            <summary>
            Instantiate this click using the given addon.
            </summary>
            <param name="addon">Addon to reference.</param>
            <returns>A click instance.</returns>
        </member>
        <member name="M:ClickLib.Clicks.ClickRequest.HandOver">
            <summary>
            Click the hand over button.
            </summary>
        </member>
        <member name="M:ClickLib.Clicks.ClickRequest.Cancel">
            <summary>
            Click the cancel button.
            </summary>
        </member>
        <member name="T:ClickLib.Clicks.ClickRetainerTaskAsk">
            <summary>
            Addon RetainerTaskAsk.
            </summary>
        </member>
        <member name="M:ClickLib.Clicks.ClickRetainerTaskAsk.#ctor(System.IntPtr)">
            <summary>
            Initializes a new instance of the <see cref="T:ClickLib.Clicks.ClickRetainerTaskAsk"/> class.
            </summary>
            <param name="addon">Addon pointer.</param>
        </member>
        <member name="P:ClickLib.Clicks.ClickRetainerTaskAsk.AddonName">
            <inheritdoc/>
        </member>
        <member name="M:ClickLib.Clicks.ClickRetainerTaskAsk.Using(System.IntPtr)">
            <summary>
            Instantiate this click using the given addon.
            </summary>
            <param name="addon">Addon to reference.</param>
            <returns>A click instance.</returns>
        </member>
        <member name="M:ClickLib.Clicks.ClickRetainerTaskAsk.Assign">
            <summary>
            Click the assign button.
            </summary>
        </member>
        <member name="M:ClickLib.Clicks.ClickRetainerTaskAsk.Return">
            <summary>
            Click the return button.
            </summary>
        </member>
        <member name="T:ClickLib.Clicks.ClickRetainerTaskResult">
            <summary>
            Addon RetainerTaskResult.
            </summary>
        </member>
        <member name="M:ClickLib.Clicks.ClickRetainerTaskResult.#ctor(System.IntPtr)">
            <summary>
            Initializes a new instance of the <see cref="T:ClickLib.Clicks.ClickRetainerTaskResult"/> class.
            </summary>
            <param name="addon">Addon pointer.</param>
        </member>
        <member name="P:ClickLib.Clicks.ClickRetainerTaskResult.AddonName">
            <inheritdoc/>
        </member>
        <member name="M:ClickLib.Clicks.ClickRetainerTaskResult.Using(System.IntPtr)">
            <summary>
            Instantiate this click using the given addon.
            </summary>
            <param name="addon">Addon to reference.</param>
            <returns>A click instance.</returns>
        </member>
        <member name="M:ClickLib.Clicks.ClickRetainerTaskResult.Confirm">
            <summary>
            Click the confirm button.
            </summary>
        </member>
        <member name="M:ClickLib.Clicks.ClickRetainerTaskResult.Reassign">
            <summary>
            Click the reassign button.
            </summary>
        </member>
        <member name="T:ClickLib.Clicks.ClickSalvageDialog">
            <summary>
            Adddon SalvageDialog.
            </summary>
        </member>
        <member name="M:ClickLib.Clicks.ClickSalvageDialog.#ctor(System.IntPtr)">
            <summary>
            Initializes a new instance of the <see cref="T:ClickLib.Clicks.ClickSalvageDialog"/> class.
            </summary>
            <param name="addon">Addon pointer.</param>
        </member>
        <member name="P:ClickLib.Clicks.ClickSalvageDialog.AddonName">
            <inheritdoc/>
        </member>
        <member name="M:ClickLib.Clicks.ClickSalvageDialog.Using(System.IntPtr)">
            <summary>
            Instantiate this click using the given addon.
            </summary>
            <param name="addon">Addon to reference.</param>
            <returns>A click instance.</returns>
        </member>
        <member name="M:ClickLib.Clicks.ClickSalvageDialog.Desynthesize">
            <summary>
            Click the desynthesize button.
            </summary>
        </member>
        <member name="M:ClickLib.Clicks.ClickSalvageDialog.CheckBox">
            <summary>
            Click the desynthesize checkbox button.
            </summary>
        </member>
        <member name="T:ClickLib.Clicks.ClickSelectIconString">
            <summary>
            Addon SelectString.
            </summary>
        </member>
        <member name="M:ClickLib.Clicks.ClickSelectIconString.#ctor(System.IntPtr)">
            <summary>
            Initializes a new instance of the <see cref="T:ClickLib.Clicks.ClickSelectIconString"/> class.
            </summary>
            <param name="addon">Addon pointer.</param>
        </member>
        <member name="P:ClickLib.Clicks.ClickSelectIconString.AddonName">
            <inheritdoc/>
        </member>
        <member name="M:ClickLib.Clicks.ClickSelectIconString.Using(System.IntPtr)">
            <summary>
            Instantiate this click using the given addon.
            </summary>
            <param name="addon">Addon to reference.</param>
            <returns>A click instance.</returns>
        </member>
        <member name="M:ClickLib.Clicks.ClickSelectIconString.SelectItem(System.UInt16)">
            <summary>
            Select the item at the given index.
            </summary>
            <param name="index">Index to select.</param>
        </member>
        <member name="M:ClickLib.Clicks.ClickSelectIconString.SelectItem1">
            <summary>
            Click the item in index 1.
            </summary>
        </member>
        <member name="M:ClickLib.Clicks.ClickSelectIconString.SelectItem2">
            <summary>
            Click the item in index 2.
            </summary>
        </member>
        <member name="M:ClickLib.Clicks.ClickSelectIconString.SelectItem3">
            <summary>
            Click the item in index 3.
            </summary>
        </member>
        <member name="M:ClickLib.Clicks.ClickSelectIconString.SelectItem4">
            <summary>
            Click the item in index 4.
            </summary>
        </member>
        <member name="M:ClickLib.Clicks.ClickSelectIconString.SelectItem5">
            <summary>
            Click the item in index 5.
            </summary>
        </member>
        <member name="M:ClickLib.Clicks.ClickSelectIconString.SelectItem6">
            <summary>
            Click the item in index 6.
            </summary>
        </member>
        <member name="M:ClickLib.Clicks.ClickSelectIconString.SelectItem7">
            <summary>
            Click the item in index 7.
            </summary>
        </member>
        <member name="M:ClickLib.Clicks.ClickSelectIconString.SelectItem8">
            <summary>
            Click the item in index 8.
            </summary>
        </member>
        <member name="M:ClickLib.Clicks.ClickSelectIconString.SelectItem9">
            <summary>
            Click the item in index 9.
            </summary>
        </member>
        <member name="T:ClickLib.Clicks.ClickSelectString">
            <summary>
            Addon SelectString.
            </summary>
        </member>
        <member name="M:ClickLib.Clicks.ClickSelectString.#ctor(System.IntPtr)">
            <summary>
            Initializes a new instance of the <see cref="T:ClickLib.Clicks.ClickSelectString"/> class.
            </summary>
            <param name="addon">Addon pointer.</param>
        </member>
        <member name="P:ClickLib.Clicks.ClickSelectString.AddonName">
            <inheritdoc/>
        </member>
        <member name="M:ClickLib.Clicks.ClickSelectString.Using(System.IntPtr)">
            <summary>
            Instantiate this click using the given addon.
            </summary>
            <param name="addon">Addon to reference.</param>
            <returns>A click instance.</returns>
        </member>
        <member name="M:ClickLib.Clicks.ClickSelectString.SelectItem(System.UInt16)">
            <summary>
            Select the item at the given index.
            </summary>
            <param name="index">Index to select.</param>
        </member>
        <member name="M:ClickLib.Clicks.ClickSelectString.SelectItem1">
            <summary>
            Click the item in index 1.
            </summary>
        </member>
        <member name="M:ClickLib.Clicks.ClickSelectString.SelectItem2">
            <summary>
            Click the item in index 2.
            </summary>
        </member>
        <member name="M:ClickLib.Clicks.ClickSelectString.SelectItem3">
            <summary>
            Click the item in index 3.
            </summary>
        </member>
        <member name="M:ClickLib.Clicks.ClickSelectString.SelectItem4">
            <summary>
            Click the item in index 4.
            </summary>
        </member>
        <member name="M:ClickLib.Clicks.ClickSelectString.SelectItem5">
            <summary>
            Click the item in index 5.
            </summary>
        </member>
        <member name="M:ClickLib.Clicks.ClickSelectString.SelectItem6">
            <summary>
            Click the item in index 6.
            </summary>
        </member>
        <member name="M:ClickLib.Clicks.ClickSelectString.SelectItem7">
            <summary>
            Click the item in index 7.
            </summary>
        </member>
        <member name="M:ClickLib.Clicks.ClickSelectString.SelectItem8">
            <summary>
            Click the item in index 8.
            </summary>
        </member>
        <member name="M:ClickLib.Clicks.ClickSelectString.SelectItem9">
            <summary>
            Click the item in index 9.
            </summary>
        </member>
        <member name="T:ClickLib.Clicks.ClickSelectYesNo">
            <summary>
            Addon SelectYesNo.
            </summary>
        </member>
        <member name="M:ClickLib.Clicks.ClickSelectYesNo.#ctor(System.IntPtr)">
            <summary>
            Initializes a new instance of the <see cref="T:ClickLib.Clicks.ClickSelectYesNo"/> class.
            </summary>
            <param name="addon">Addon pointer.</param>
        </member>
        <member name="P:ClickLib.Clicks.ClickSelectYesNo.AddonName">
            <inheritdoc/>
        </member>
        <member name="M:ClickLib.Clicks.ClickSelectYesNo.Using(System.IntPtr)">
            <summary>
            Instantiate this click using the given addon.
            </summary>
            <param name="addon">Addon to reference.</param>
            <returns>A click instance.</returns>
        </member>
        <member name="M:ClickLib.Clicks.ClickSelectYesNo.Yes">
            <summary>
            Click the yes button.
            </summary>
        </member>
        <member name="M:ClickLib.Clicks.ClickSelectYesNo.No">
            <summary>
            Click the no button.
            </summary>
        </member>
        <member name="T:ClickLib.Clicks.ClickShopCardDialog">
            <summary>
            Addon ShopCardDialog.
            </summary>
        </member>
        <member name="M:ClickLib.Clicks.ClickShopCardDialog.#ctor(System.IntPtr)">
            <summary>
            Initializes a new instance of the <see cref="T:ClickLib.Clicks.ClickShopCardDialog"/> class.
            </summary>
            <param name="addon">Addon pointer.</param>
        </member>
        <member name="P:ClickLib.Clicks.ClickShopCardDialog.AddonName">
            <inheritdoc/>
        </member>
        <member name="M:ClickLib.Clicks.ClickShopCardDialog.Using(System.IntPtr)">
            <summary>
            Instantiate this click using the given addon.
            </summary>
            <param name="addon">Addon to reference.</param>
            <returns>A click instance.</returns>
        </member>
        <member name="M:ClickLib.Clicks.ClickShopCardDialog.Sell">
            <summary>
            Click the sell button.
            </summary>
        </member>
        <member name="T:ClickLib.Clicks.ClickTalk">
            <summary>
            Addon Talk.
            </summary>
        </member>
        <member name="M:ClickLib.Clicks.ClickTalk.#ctor(System.IntPtr)">
            <summary>
            Initializes a new instance of the <see cref="T:ClickLib.Clicks.ClickTalk"/> class.
            </summary>
            <param name="addon">Addon pointer.</param>
        </member>
        <member name="P:ClickLib.Clicks.ClickTalk.AddonName">
            <inheritdoc/>
        </member>
        <member name="M:ClickLib.Clicks.ClickTalk.Using(System.IntPtr)">
            <summary>
            Instantiate this click using the given addon.
            </summary>
            <param name="addon">Addon to reference.</param>
            <returns>A click instance.</returns>
        </member>
        <member name="M:ClickLib.Clicks.ClickTalk.Click">
            <summary>
            Click the talk dialog.
            </summary>
        </member>
        <member name="T:ClickLib.EventType">
            <summary>
            Various event types.
            </summary>
        </member>
        <member name="T:ClickLib.InvalidClickException">
            <summary>
            Base exception for click errors.
            </summary>
        </member>
        <member name="M:ClickLib.InvalidClickException.#ctor(System.String)">
            <summary>
            Initializes a new instance of the <see cref="T:ClickLib.InvalidClickException"/> class.
            </summary>
            <param name="message">Error message.</param>
        </member>
        <member name="M:ClickLib.InvalidClickException.#ctor(System.String,System.Exception)">
            <summary>
            Initializes a new instance of the <see cref="T:ClickLib.InvalidClickException"/> class.
            </summary>
            <param name="message">Error message.</param>
            <param name="innerException">Causing exception.</param>
        </member>
    </members>
</doc>
